,Team,AdjEM,AdjO,AdjD,AdjT,Luck,AdjEM.1,OppO,OppD,AdjEM.2,Year
0,Houston ,28.82,118.4,89.6,63.3,0.025,4.21,107.3,103.1,0.63,2023
1,UCLA ,27.63,114.9,87.2,66.3,-0.001,9.0,109.7,100.7,0.72,2023
2,Alabama ,27.54,116.1,88.6,72.7,0.074,11.66,110.9,99.2,10.56,2023
3,Connecticut ,25.37,119.4,94.1,66.7,-0.061,8.51,109.1,100.6,-1.39,2023
4,Tennessee ,24.71,112.7,88.0,65.5,-0.071,8.77,109.5,100.7,3.16,2023
5,Texas ,24.57,116.6,92.0,69.1,0.02,12.11,111.0,98.9,-0.66,2023
6,Purdue ,24.55,119.4,94.8,64.4,0.032,9.84,110.4,100.6,0.95,2023
7,Gonzaga ,24.31,124.0,99.7,70.1,0.047,7.49,110.2,102.7,8.31,2023
8,Kansas ,23.14,114.6,91.5,69.3,0.106,14.26,111.7,97.5,6.82,2023
9,Arizona ,22.86,120.0,97.1,72.3,0.041,8.83,107.9,99.1,3.47,2023
10,Saint Marys ,21.9,113.5,91.6,61.7,0.004,6.38,110.2,103.8,4.61,2023
11,Marquette ,21.83,119.3,97.5,68.4,0.014,8.67,109.5,100.9,-1.14,2023
12,Creighton ,20.65,114.6,94.0,68.0,-0.074,10.34,110.9,100.5,6.44,2023
13,San Diego St ,20.25,111.9,91.7,66.0,0.047,8.96,110.4,101.4,7.47,2023
14,Baylor ,19.98,121.9,101.9,66.6,0.032,12.93,110.8,97.9,1.92,2023
15,Xavier ,19.69,119.3,99.6,70.4,-0.004,9.78,110.3,100.5,3.89,2023
16,West Virginia ,19.14,117.1,98.0,68.9,-0.054,12.74,111.0,98.2,2.26,2023
17,Utah St ,18.88,117.8,98.9,68.8,0.008,7.68,108.8,101.1,3.52,2023
18,Memphis ,18.69,114.7,96.0,71.8,-0.037,7.22,108.5,101.3,6.59,2023
19,Arkansas ,18.63,112.6,94.0,69.7,-0.072,9.9,109.9,100.0,3.73,2023
20,Duke ,18.49,113.2,94.8,65.3,0.059,6.78,109.8,103.0,2.07,2023
21,Maryland ,18.37,114.1,95.8,64.6,-0.039,8.01,109.3,101.3,-3.92,2023
22,Iowa St ,18.33,109.9,91.6,64.3,-0.034,12.88,112.4,99.5,-1.29,2023
23,Kansas St ,18.31,112.5,94.2,70.2,0.036,10.4,109.3,98.9,-2.59,2023
24,Texas A&M ,18.28,114.5,96.2,66.2,0.042,7.83,108.8,100.9,-2.46,2023
25,Florida Atlantic ,18.23,114.3,96.0,68.4,0.053,0.41,105.6,105.1,-2.52,2023
26,TCU ,18.06,112.4,94.3,69.8,-0.034,10.7,109.8,99.1,-7.05,2023
27,Kentucky ,17.8,117.4,99.6,66.0,-0.014,8.65,109.4,100.7,0.8,2023
28,Auburn ,17.45,112.7,95.2,67.6,-0.029,9.73,109.5,99.7,3.89,2023
29,Indiana ,17.36,114.7,97.3,68.1,0.022,10.59,110.7,100.1,-3.4,2023
30,Boise St ,17.13,111.0,93.8,66.5,0.013,7.6,109.5,101.9,1.37,2023
31,Michigan St ,16.71,113.4,96.7,64.9,0.015,12.27,112.3,100.0,5.71,2023
32,Illinois ,16.48,112.2,95.7,69.4,-0.045,8.48,109.1,100.6,-6.02,2023
33,Virginia ,16.41,111.2,94.8,61.6,0.045,5.59,108.5,102.9,1.84,2023
34,Rutgers,15.77,105.8,90.1,65.9,-0.092,7.95,109.9,101.9,-7.79,2023
35,USC ,15.63,113.1,97.5,68.1,0.018,7.84,107.4,99.5,1.63,2023
36,Iowa ,15.6,120.5,104.9,69.5,-0.042,9.61,108.9,99.3,-2.09,2023
37,Oklahoma St,15.21,107.8,92.6,67.6,-0.026,12.33,110.8,98.5,0.74,2023
38,Penn St ,15.04,116.8,101.8,64.6,0.009,9.72,109.6,99.9,-4.72,2023
39,Miami FL ,14.91,118.2,103.3,68.9,0.017,4.75,108.0,103.2,-2.77,2023
40,Oregon,14.84,114.5,99.6,66.3,-0.015,10.06,109.0,99.0,6.14,2023
41,Northwestern ,14.83,108.5,93.7,64.9,0.033,8.6,109.5,100.8,-4.22,2023
42,Nevada ,14.79,112.0,97.2,66.1,0.013,7.7,109.4,101.7,3.81,2023
43,Providence ,14.73,116.8,102.1,66.9,-0.01,6.55,108.3,101.7,-8.98,2023
44,North Texas,14.68,110.2,95.5,58.8,0.059,1.85,106.0,104.2,1.79,2023
45,Michigan,14.68,112.8,98.1,67.5,-0.072,9.62,109.5,99.9,0.13,2023
46,North Carolina,14.66,112.1,97.5,69.0,-0.072,7.59,109.5,101.9,7.02,2023
47,Liberty,14.51,112.7,98.1,64.5,-0.034,-2.57,103.7,106.3,1.74,2023
48,Mississippi St ,14.12,105.5,91.3,63.8,0.008,7.59,108.6,101.0,-3.31,2023
49,Ohio St,13.98,115.9,101.9,66.0,-0.12,11.32,110.5,99.2,-2.47,2023
50,Missouri ,13.92,119.3,105.4,69.1,0.11,7.73,108.1,100.4,-4.68,2023
51,New Mexico,13.84,116.1,102.2,71.6,-0.03,5.71,108.2,102.5,-0.44,2023
52,Oklahoma,13.7,111.1,97.4,65.3,-0.044,13.32,110.4,97.1,4.11,2023
53,Cincinnati,13.35,112.3,99.0,68.5,-0.032,3.98,107.5,103.5,-2.64,2023
54,N.C. Stte ,13.31,113.9,100.6,69.1,0.03,4.81,108.6,103.8,-4.91,2023
55,Oral Roberts ,13.25,115.3,102.0,70.5,0.103,-3.96,104.2,108.1,8.1,2023
56,Washington St,13.22,112.0,98.8,64.3,-0.071,9.16,109.3,100.1,5.12,2023
57,VCU ,13.15,107.2,94.0,68.0,0.017,0.47,105.1,104.7,-1.78,2023
58,Colorado,13.05,107.7,94.7,69.0,-0.078,8.56,108.5,99.9,3.78,2023
59,Villanova,12.98,113.8,100.8,63.7,-0.067,9.4,110.1,100.7,4.05,2023
60,Texas Tech,12.95,111.8,98.9,67.2,-0.08,9.81,110.1,100.3,-7.03,2023
61,UAB,12.86,112.7,99.9,70.6,-0.027,0.49,105.3,104.8,-4.44,2023
62,Florida,12.82,108.2,95.4,69.4,-0.077,9.46,110.1,100.6,5.25,2023
63,Clemson,12.67,111.1,98.4,68.2,0.016,2.7,107.7,105.0,-5.56,2023
64,UCF,12.59,110.2,97.6,64.5,-0.113,4.02,107.4,103.4,-0.29,2023
65,Drake ,12.51,109.8,97.3,66.4,0.026,-1.65,104.0,105.7,-1.72,2023
66,Yale,12.39,110.8,98.4,66.1,-0.044,-0.71,104.5,105.2,0.36,2023
67,Arizona St ,12.38,107.6,95.2,68.4,0.069,8.69,108.9,100.3,1.31,2023
68,Sam Houston St,12.28,106.6,94.3,64.4,0.052,2.17,105.9,103.7,7.27,2023
69,Seton Hall,12.23,106.7,94.5,66.5,-0.042,9.46,110.0,100.6,2.72,2023
70,Kent St ,11.9,108.3,96.4,68.1,0.019,-1.42,106.3,107.7,3.47,2023
71,Utah,11.85,107.7,95.8,66.2,-0.077,6.83,107.6,100.8,-3.66,2023
72,Charleston ,11.76,111.4,99.6,71.0,0.052,-5.71,102.3,108.0,-1.96,2023
73,Iona ,11.71,110.9,99.1,68.9,-0.006,-3.8,102.6,106.4,4.29,2023
74,BYU,11.59,109.2,97.6,69.6,-0.103,5.31,108.5,103.2,1.28,2023
75,Wisconsin,11.54,106.4,94.9,63.1,0.004,10.63,111.2,100.6,1.06,2023
76,Pittsburgh ,11.27,115.1,103.8,67.3,0.03,3.67,108.1,104.4,-2.92,2023
77,Dayton,11.2,110.0,98.8,62.4,-0.056,0.18,104.7,104.5,-1.73,2023
78,Utah Valley,10.87,107.3,96.5,70.0,0.046,2.03,106.2,104.1,5.09,2023
79,Vanderbilt,10.82,115.7,104.9,66.7,0.078,9.46,109.3,99.8,2.3,2023
80,Virginia Tech,10.21,113.9,103.7,66.6,-0.06,4.55,108.0,103.4,-3.92,2023
81,Santa Clara,10.13,111.3,101.2,70.1,0.09,4.3,108.7,104.4,1.05,2023
82,Stnford,9.76,114.1,104.4,65.8,-0.125,8.15,107.7,99.6,-0.1,2023
83,Marshall,9.74,111.3,101.5,72.1,-0.063,-2.7,103.9,106.6,-3.49,2023
84,St Johns,9.46,107.9,98.5,73.5,-0.013,6.76,108.3,101.5,-7.72,2023
85,Bradley,9.24,107.1,97.9,65.2,0.063,-1.1,103.9,105.0,0.3,2023
86,Toledo,9.12,119.6,110.5,69.6,0.042,-3.25,104.1,107.4,-1.18,2023
87,Wake Forest,8.57,112.1,103.5,69.6,-0.012,4.94,108.0,103.1,-2.2,2023
88,Furman ,8.43,114.2,105.8,68.5,0.0,-4.4,104.0,108.4,-2.07,2023
89,Hofstra,8.4,110.3,101.9,67.2,0.032,-3.37,102.9,106.3,6.89,2023
90,UNLV,8.22,107.8,99.6,69.5,0.014,5.59,107.8,102.2,-2.56,2023
91,Louisiana ,8.2,112.2,104.0,68.4,0.077,-0.27,104.2,104.5,0.26,2023
92,San Jose St,7.91,110.7,102.8,62.7,0.086,6.87,108.5,101.6,-1.09,2023
93,South Alabama,7.74,108.2,100.4,65.8,-0.111,0.91,104.9,103.9,3.82,2023
94,Nebraska,7.47,106.7,99.2,67.1,0.053,10.41,110.5,100.1,2.09,2023
95,Saint Louis,7.45,111.7,104.2,69.3,0.027,2.49,105.3,102.8,4.31,2023
96,Indiana St,7.39,110.6,103.2,70.6,-0.104,-4.5,102.1,106.6,-6.55,2023
97,Southern Miss,7.31,108.0,100.7,68.5,0.094,-0.79,104.7,105.5,-3.32,2023
98,UC Irvine,7.29,107.7,100.5,69.6,-0.045,-0.78,103.4,104.2,3.39,2023
99,San Francisco,6.95,110.1,103.2,68.6,0.019,4.05,108.2,104.1,-2.51,2023
100,James Madison,6.74,106.7,100.0,70.5,-0.053,-1.42,103.7,105.1,-4.25,2023
101,UC Santa Barbara ,6.64,111.3,104.7,65.0,0.057,-2.38,102.8,105.2,-2.69,2023
102,Wichita St,6.51,106.8,100.3,66.3,-0.049,2.79,106.3,103.5,-1.8,2023
103,Akron,6.47,110.0,103.5,65.3,0.002,-1.76,105.2,106.9,-0.52,2023
104,Colorado St,6.41,112.3,105.9,66.1,-0.055,7.41,108.4,101.0,2.19,2023
105,Washington,6.38,105.8,99.4,69.2,0.037,8.08,108.1,100.1,-0.11,2023
106,Loyola Marymount,6.32,110.0,103.7,67.1,0.079,4.35,109.0,104.6,0.43,2023
107,Tulane,6.3,110.2,103.9,73.1,0.076,1.87,105.5,103.7,-7.94,2023
108,Grand Canyon ,5.99,112.3,106.3,65.2,0.042,0.99,104.7,103.7,0.09,2023
109,Montana St ,5.75,105.4,99.6,66.5,0.082,-1.09,106.3,107.4,4.47,2023
110,Southern Utah,5.64,110.2,104.5,71.9,0.045,3.39,106.3,102.9,5.27,2023
111,Princeton ,5.57,109.1,103.5,67.5,0.024,-2.55,103.4,105.9,-4.83,2023
112,Vermont ,5.42,109.8,104.4,64.6,0.051,-3.68,103.4,107.0,5.86,2023
113,Colgate ,5.29,113.0,107.7,67.9,0.004,-7.69,100.7,108.4,-1.17,2023
114,Mississippi,5.03,106.8,101.7,66.1,-0.078,8.03,108.9,100.8,1.46,2023
115,UNC Greensboro,4.93,103.5,98.6,66.0,-0.044,-2.35,105.5,107.8,2.9,2023
116,Charlotte,4.6,108.0,103.4,60.5,-0.038,-0.75,104.5,105.3,-7.03,2023
117,Temple,4.57,107.3,102.7,66.0,0.021,5.04,106.9,101.8,1.38,2023
118,Cal St Fullerton,4.55,105.0,100.4,64.8,0.011,0.99,104.8,103.8,3.82,2023
119,Syracuse,4.46,110.4,105.9,67.5,0.002,2.88,107.5,104.6,-5.81,2023
120,Middle Tennessee,4.14,106.5,102.4,66.9,0.027,2.72,106.9,104.1,1.77,2023
121,Eastern Washington,4.08,111.5,107.5,68.5,0.064,-1.62,104.7,106.4,1.97,2023
122,Belmont,4.08,111.5,107.5,68.4,0.025,-1.47,103.9,105.3,0.85,2023
123,Butler,3.99,102.5,98.5,65.5,-0.001,9.88,110.7,100.8,1.27,2023
124,Duquesne,3.98,108.6,104.6,68.2,0.012,-1.72,104.7,106.5,-3.95,2023
125,Hawaii,3.86,102.1,98.2,64.8,-0.014,-3.09,102.9,106.0,-5.67,2023
126,Kennesaw St ,3.64,106.3,102.7,68.5,0.147,-1.52,105.1,106.7,5.05,2023
127,Troy,3.56,104.8,101.3,67.9,-0.02,-0.11,104.6,104.7,0.11,2023
128,Youngstown St,3.56,112.9,109.4,68.0,-0.01,-6.63,102.3,108.9,-5.37,2023
129,Towson,3.5,108.2,104.7,64.9,-0.048,-4.66,102.3,106.9,-3.51,2023
130,Ohio,3.41,110.9,107.4,68.4,-0.038,-2.1,105.8,107.9,0.15,2023
131,Stphen F. Austin,3.2,105.5,102.3,69.3,-0.004,0.08,105.1,105.0,-1.7,2023
132,Penn,3.14,110.3,107.2,67.0,-0.003,-0.47,104.9,105.4,-0.56,2023
133,Fresno St,2.97,103.5,100.6,64.3,-0.083,6.79,109.5,102.7,1.15,2023
134,Samford,2.94,109.3,106.3,68.4,0.002,-3.85,104.1,108.0,-1.55,2023
135,Southern Illinois,2.9,101.3,98.4,63.9,0.087,-2.0,103.8,105.8,-3.2,2023
136,UC Riverside,2.69,107.9,105.2,66.9,0.097,0.4,104.6,104.2,4.45,2023
137,UMass Lowell,2.64,107.8,105.1,68.9,0.011,-10.23,98.8,109.0,-12.66,2023
138,Fordham,2.51,103.2,100.7,69.7,0.121,-4.55,101.9,106.5,-13.52,2023
139,Davidson,2.48,107.4,104.9,65.1,-0.034,1.2,105.1,103.9,-1.4,2023
140,Seattle,2.35,102.1,99.8,69.2,0.092,1.57,106.3,104.7,1.08,2023
141,DePaul,2.27,107.9,105.6,68.8,-0.012,10.15,110.3,100.1,2.31,2023
142,Air Force,1.96,106.3,104.4,63.2,-0.057,2.39,107.0,104.6,-10.24,2023
143,Cornell,1.76,112.0,110.3,71.3,-0.005,-1.89,103.7,105.6,-4.59,2023
144,LSU,1.62,106.6,105.0,65.9,0.027,6.68,108.6,101.9,-6.2,2023
145,UNC Asheville ,1.51,104.1,102.6,68.5,0.152,-5.3,102.8,108.1,-0.57,2023
146,George Mason,1.47,102.7,101.2,66.4,0.061,-0.87,104.8,105.7,-1.79,2023
147,Utah Tech,1.46,107.9,106.4,68.6,-0.1,2.79,106.2,103.4,4.09,2023
148,Georgia,1.39,104.4,103.0,67.7,0.069,4.36,107.5,103.1,-7.05,2023
149,South Florida,1.32,105.9,104.6,68.4,-0.067,0.7,105.3,104.6,-7.03,2023
150,Missouri St,1.31,104.6,103.3,62.2,-0.021,-0.81,103.9,104.7,1.65,2023
151,Portland,1.26,111.0,109.7,69.1,-0.056,4.44,108.7,104.2,0.64,2023
152,Wyoming,1.24,107.9,106.6,65.7,-0.099,7.32,109.1,101.7,-0.15,2023
153,UC Davis,1.16,104.8,103.7,70.5,-0.028,-1.77,103.3,105.1,-0.8,2023
154,Richmond,1.09,103.7,102.6,65.4,-0.075,-0.51,105.0,105.5,-2.61,2023
155,Cal Baptist,1.04,103.7,102.7,64.1,-0.047,-0.74,104.0,104.8,-6.62,2023
156,Lipscomb,1.02,104.9,103.8,69.4,-0.001,-2.61,105.6,108.2,-2.4,2023
157,UNC Wilmington,0.86,102.4,101.6,65.4,0.133,-3.38,103.2,106.6,3.9,2023
158,Montana,0.64,108.9,108.3,63.7,0.017,-0.79,105.6,106.4,3.6,2023
159,Tarleton St,0.53,103.5,103.0,66.6,0.027,3.57,106.7,103.1,7.3,2023
160,Northern Kentucky ,0.52,103.3,102.8,62.0,0.053,-3.89,104.4,108.3,4.21,2023
161,Long Beach St,0.5,105.4,104.9,72.9,-0.012,0.27,103.8,103.5,6.53,2023
162,Harvard,0.32,101.3,100.9,66.0,-0.081,-1.7,104.0,105.7,-2.85,2023
163,Ball St,0.22,108.1,107.9,67.6,0.019,-3.41,104.9,108.3,-3.99,2023
164,Sttson,0.2,113.7,113.5,64.7,0.034,-0.63,105.7,106.3,6.39,2023
165,South Dakota St,0.18,105.2,105.0,66.6,0.066,-1.74,105.1,106.8,8.66,2023
166,Georgia Tech,0.16,104.3,104.1,66.7,-0.003,4.41,108.7,104.3,-2.95,2023
167,Notre Dame,0.0,108.8,108.8,64.9,-0.066,3.19,107.6,104.4,-3.77,2023
168,Eastern Kentucky,-0.05,103.4,103.4,70.2,0.072,-1.14,105.1,106.2,2.78,2023
169,Texas A&M Corpus Chris ,-0.23,107.4,107.6,69.3,0.019,-9.07,101.2,110.2,1.44,2023
170,Longwood,-0.26,104.3,104.5,66.0,-0.032,-7.29,101.9,109.2,-8.01,2023
171,Boston College,-0.45,102.6,103.0,66.6,0.09,3.85,108.1,104.2,-4.37,2023
172,Louisiana Tech,-0.48,105.4,105.9,66.6,-0.028,2.4,106.1,103.7,0.74,2023
173,Old Dominion,-0.61,103.2,103.8,65.0,0.099,-0.59,104.3,104.9,-1.54,2023
174,Grambling St,-0.65,100.1,100.8,66.3,0.09,-8.77,98.9,107.7,4.02,2023
175,East Carolina,-0.72,103.4,104.1,67.5,0.036,0.85,105.6,104.8,-8.54,2023
176,Appalachian St,-0.73,101.4,102.2,65.0,-0.035,-0.65,104.7,105.4,-0.72,2023
177,Pepperdine,-0.75,105.4,106.2,72.2,-0.14,5.44,109.8,104.3,3.39,2023
178,Cleveland St,-0.78,104.4,105.1,66.0,0.029,-4.99,103.3,108.3,0.37,2023
179,SMU,-0.87,103.3,104.2,69.6,-0.048,6.34,108.0,101.7,4.17,2023
180,Pacific,-0.88,108.3,109.2,69.6,0.043,2.18,107.6,105.4,-3.27,2023
181,Radford,-0.93,104.4,105.4,64.6,-0.038,-4.44,103.6,108.1,0.92,2023
182,Navy,-0.98,103.7,104.7,64.5,-0.038,-6.99,101.6,108.6,-1.51,2023
183,Brown,-0.98,100.8,101.8,69.3,0.005,-2.24,104.1,106.3,-4.34,2023
184,Chattanooga,-1.03,108.2,109.2,68.5,-0.065,-2.58,105.0,107.6,1.1,2023
185,Western Kentucky,-1.04,104.8,105.8,67.6,0.052,1.25,105.7,104.4,-3.74,2023
186,New Mexico St,-1.12,105.7,106.8,69.3,-0.088,4.01,106.2,102.2,4.46,2023
187,Florida Gulf Coast,-1.2,105.0,106.2,66.3,0.006,-2.82,104.4,107.2,1.24,2023
188,North Carolina Central,-1.23,100.9,102.1,67.9,-0.058,-5.94,101.1,107.0,5.02,2023
189,Texas St,-1.25,104.8,106.0,63.6,0.001,0.49,104.7,104.2,-0.75,2023
190,Weber St,-1.35,100.5,101.8,65.2,0.064,0.19,106.3,106.1,5.48,2023
191,Abilene Christian,-1.43,105.9,107.3,69.2,-0.05,2.44,105.5,103.1,0.24,2023
192,Wright St,-1.47,104.4,105.9,71.3,-0.081,-5.75,103.2,108.9,-1.63,2023
193,Norfolk St,-1.48,107.5,108.9,65.3,0.065,-7.7,100.3,108.0,-1.5,2023
194,Saint Josephs,-1.51,104.4,105.9,69.3,-0.007,-1.85,104.4,106.3,-5.79,2023
195,Quinnipiac,-1.52,104.2,105.7,69.7,0.007,-5.6,101.0,106.6,-3.57,2023
196,UTEP,-1.54,99.1,100.6,67.0,-0.008,1.35,106.0,104.7,-2.13,2023
197,St Thomas,-1.8,107.8,109.6,66.1,-0.001,-4.39,103.3,107.7,-1.95,2023
198,Detroit Mercy,-1.83,111.6,113.5,67.3,-0.103,-3.21,104.1,107.3,4.57,2023
199,Drexel,-1.96,101.2,103.1,63.7,-0.074,-6.43,101.2,107.6,-1.5,2023
200,St Bonaventure,-2.01,101.2,103.2,65.7,-0.032,-1.0,104.5,105.5,-3.59,2023
201,Gardner Webb,-2.57,99.0,101.6,66.2,-0.091,-4.01,103.7,107.7,1.65,2023
202,Rider,-2.59,106.3,108.9,65.1,-0.039,-5.62,101.2,106.8,-2.58,2023
203,Queens,-2.6,107.2,109.8,70.0,0.003,-2.69,104.3,107.0,-3.57,2023
204,Buffalo,-2.6,104.2,106.8,72.2,0.004,1.02,106.9,105.9,6.01,2023
205,Georgia Southern,-2.61,100.4,103.0,66.7,0.005,-1.6,105.0,106.6,-3.83,2023
206,Siena,-2.67,102.3,105.0,66.9,-0.03,-5.38,101.5,106.9,-3.73,2023
207,Florida St,-2.83,105.2,108.0,68.7,-0.022,5.99,109.0,103.0,3.2,2023
208,Bryant,-2.84,105.0,107.8,72.0,0.004,-4.45,103.2,107.7,1.82,2023
209,Oregon St,-2.89,100.3,103.2,63.7,0.015,7.21,107.6,100.4,-6.55,2023
210,Northern Arizona,-2.94,107.9,110.9,66.9,-0.084,1.1,106.6,105.5,8.34,2023
211,Massachusetts,-3.0,100.9,103.9,70.6,0.036,-0.37,104.4,104.8,-1.15,2023
212,North Dakota St,-3.08,104.6,107.7,68.1,0.007,-1.4,106.3,107.7,7.22,2023
213,Northwestern St,-3.11,106.0,109.1,66.7,0.085,-7.65,102.4,110.0,2.63,2023
214,Howard ,-3.21,103.7,106.9,69.0,0.096,-6.11,101.4,107.5,0.26,2023
215,Rice,-3.23,107.5,110.7,69.9,0.096,0.86,105.5,104.6,-6.06,2023
216,Minnesota,-3.29,102.6,105.9,65.9,0.03,8.84,108.7,99.9,-7.47,2023
217,George Washington,-3.32,109.2,112.5,69.1,0.025,-1.76,103.3,105.0,-5.58,2023
218,Northern Iowa,-3.41,103.2,106.6,67.8,-0.018,-1.23,104.2,105.4,-1.69,2023
219,South Carolina,-3.42,103.7,107.1,64.3,0.042,6.63,108.4,101.8,-3.11,2023
220,Northern Colorado,-3.53,107.7,111.2,69.6,-0.01,-0.12,106.1,106.2,5.82,2023
221,FIU,-3.56,102.9,106.5,70.1,-0.003,-0.03,105.6,105.7,-8.13,2023
222,San Diego,-3.8,110.6,114.4,68.8,-0.03,2.92,107.5,104.6,-2.51,2023
223,Georgetown,-4.34,103.9,108.3,68.9,-0.056,8.28,109.8,101.6,-5.27,2023
224,La Salle,-4.35,103.4,107.8,67.8,0.04,-1.1,104.0,105.1,-2.41,2023
225,Murray St,-4.45,105.7,110.2,66.8,0.095,-0.94,104.0,105.0,-1.28,2023
226,Sacramento St,-4.48,103.9,108.4,62.5,0.012,-0.41,105.4,105.8,3.69,2023
227,Milwaukee,-4.64,103.1,107.7,72.0,0.131,-4.86,103.4,108.2,0.76,2023
228,Campbell,-4.77,105.0,109.8,64.3,-0.049,-4.65,102.5,107.2,-1.25,2023
229,Mercer,-4.88,99.7,104.5,64.6,-0.085,-3.31,104.6,107.9,-2.13,2023
230,North Florida,-4.91,109.9,114.8,68.0,0.012,-1.33,105.7,107.0,5.92,2023
231,Wofford,-4.96,108.8,113.8,65.1,0.023,-2.79,104.1,106.9,-1.12,2023
232,Jacksonville St,-5.2,102.2,107.4,65.7,-0.044,-1.34,105.3,106.7,1.92,2023
233,Western Carolina,-5.38,103.1,108.4,67.4,0.051,-3.62,104.0,107.7,-3.82,2023
234,Jacksonville,-5.4,100.3,105.7,61.2,-0.009,-0.5,106.3,106.8,6.64,2023
235,Robert Morris,-5.51,99.2,104.7,66.4,-0.041,-5.61,102.9,108.5,-1.81,2023
236,Delaware,-5.54,102.5,108.1,67.2,0.042,-3.71,103.5,107.2,-0.64,2023
237,Portland St,-5.58,103.0,108.6,72.4,0.008,0.12,106.2,106.1,5.51,2023
238,Purdue Fort Wayne,-5.82,100.8,106.6,69.1,0.023,-4.78,103.7,108.5,-1.38,2023
239,UT Arlington,-6.09,99.9,106.0,65.9,0.011,3.45,105.9,102.4,4.69,2023
240,Alcorn St,-6.17,102.1,108.3,67.3,0.139,-5.37,99.6,105.0,8.84,2023
241,SIU Edwardsville,-6.21,100.1,106.3,69.2,-0.012,-8.07,101.9,109.9,-0.96,2023
242,Idaho St,-6.28,102.3,108.6,65.3,-0.084,-2.1,105.2,107.3,-1.76,2023
243,East Tennessee St,-6.29,101.2,107.5,65.8,-0.111,-4.25,104.1,108.3,-4.58,2023
244,Northern Illinois,-6.33,100.9,107.2,69.2,-0.016,-1.8,105.2,107.0,3.1,2023
245,UT Rio Grande Valley,-6.39,103.9,110.3,72.7,0.07,0.06,105.3,105.3,-4.78,2023
246,Morehead St,-6.59,100.4,107.0,63.3,0.143,-6.95,102.2,109.1,4.76,2023
247,Winthrop,-6.6,108.6,115.2,66.9,0.032,-3.31,103.7,107.0,2.52,2023
248,Canisius,-6.68,101.8,108.5,67.7,-0.081,-3.18,103.4,106.6,3.42,2023
249,Maryland Eastern Shore,-6.71,94.3,101.1,69.7,0.084,-5.11,101.8,106.9,4.57,2023
250,North Alabama,-6.77,105.3,112.1,68.6,0.123,-2.48,104.3,106.8,0.19,2023
251,Army,-6.91,103.0,109.9,68.6,-0.043,-8.51,100.0,108.5,-9.0,2023
252,UMBC,-7.04,105.4,112.4,67.7,0.028,-8.41,100.7,109.1,-8.56,2023
253,Loyola Chicago,-7.04,102.0,109.1,66.2,-0.036,-0.21,104.8,105.0,-4.2,2023
254,Southeastern Louisiana,-7.04,104.1,111.2,68.8,0.05,-6.83,102.8,109.6,5.83,2023
255,Rhode Island,-7.13,97.7,104.8,67.3,-0.016,-0.78,104.1,104.9,-2.66,2023
256,Southeast Missouri St ,-7.21,100.9,108.1,72.5,0.026,-7.61,101.4,109.0,1.04,2023
257,USC Upstate,-7.4,99.1,106.5,68.0,0.094,-3.49,103.8,107.3,2.38,2023
258,Niagara,-7.43,100.9,108.4,63.2,0.092,-4.8,102.2,107.0,-5.04,2023
259,Nicholls St,-7.81,99.4,107.2,70.5,0.023,-5.79,103.9,109.7,14.13,2023
260,Bellarmine,-7.97,102.4,110.4,62.2,0.084,0.41,106.4,106.0,5.96,2023
261,North Dakota,-8.05,103.4,111.5,67.2,-0.027,-3.17,104.5,107.6,0.09,2023
262,Western Illinois,-8.08,103.1,111.2,66.7,0.068,-4.74,104.3,109.0,-3.36,2023
263,Fairfield,-8.08,98.9,107.0,65.1,0.0,-4.68,101.7,106.4,-1.34,2023
264,California,-8.19,97.8,106.0,63.5,-0.103,8.6,108.7,100.1,1.25,2023
265,Miami OH,-8.29,103.7,112.0,66.8,-0.045,-2.67,105.5,108.2,-1.7,2023
266,Dartmouth,-8.35,99.4,107.7,68.8,0.002,-1.35,104.0,105.3,-3.51,2023
267,Prairie View A&M,-8.35,94.3,102.7,67.8,-0.061,-6.01,100.6,106.6,5.55,2023
268,UC San Diego,-8.53,102.0,110.6,66.1,0.03,-0.01,104.5,104.5,1.26,2023
269,Southern Indiana,-8.68,103.3,112.0,69.3,-0.019,-7.71,101.6,109.3,-1.23,2023
270,Oakland,-8.69,103.7,112.4,68.4,0.046,-2.33,104.7,107.1,5.63,2023
271,Lafayette,-8.72,95.5,104.3,63.0,-0.061,-3.83,103.8,107.6,3.24,2023
272,Boston University,-8.74,98.1,106.8,65.5,-0.001,-6.79,101.1,107.9,-4.22,2023
273,Southern,-8.85,96.2,105.1,71.0,-0.008,-6.75,100.2,106.9,7.9,2023
274,Tennessee Martin,-8.9,101.9,110.8,71.2,0.046,-8.47,101.3,109.7,-2.25,2023
275,Louisiana Monroe,-9.22,97.9,107.1,66.0,-0.024,0.97,105.2,104.3,0.69,2023
276,Georgia St,-9.24,98.1,107.4,67.0,-0.077,-1.39,103.7,105.1,-5.15,2023
277,Mount St Marys,-9.25,97.1,106.3,65.8,0.028,-3.96,102.6,106.5,-1.58,2023
278,Marist,-9.27,97.8,107.1,65.6,-0.023,-6.57,100.7,107.2,-10.21,2023
279,American,-9.33,100.8,110.2,62.6,0.049,-8.34,100.5,108.8,-8.77,2023
280,Bowling Green,-9.34,103.7,113.0,69.7,-0.066,-3.81,104.8,108.7,-5.73,2023
281,Illinois St,-9.38,100.6,110.0,65.0,-0.02,-4.24,102.7,107.0,-7.87,2023
282,Maine,-9.44,99.1,108.6,65.9,-0.001,-3.99,102.8,106.8,0.18,2023
283,Arkansas St,-9.47,100.3,109.8,63.4,-0.012,-2.98,103.1,106.1,-10.39,2023
284,Texas Southern ,-9.71,96.5,106.2,69.4,0.025,-4.75,100.8,105.5,10.98,2023
285,New Hampshire,-9.72,97.4,107.2,64.2,0.05,-6.09,102.2,108.3,-5.18,2023
286,Lehigh,-9.73,97.9,107.6,69.5,0.084,-6.93,101.2,108.2,-2.21,2023
287,Tennessee Tech,-9.73,101.6,111.3,66.7,0.019,-7.15,101.4,108.5,1.93,2023
288,UTSA,-9.97,102.1,112.1,69.2,0.022,1.04,105.3,104.3,-5.69,2023
289,Cal Poly,-9.98,94.3,104.3,64.2,-0.108,-0.12,104.5,104.6,0.06,2023
290,Valparaiso,-9.99,98.4,108.4,67.9,-0.008,-2.53,104.1,106.6,-4.81,2023
291,Tennessee St,-10.03,101.1,111.2,71.0,0.01,-10.15,100.1,110.2,-8.94,2023
292,Cal St Bakersfield,-10.06,95.2,105.3,63.2,0.004,-0.59,103.8,104.4,0.35,2023
293,South Dakota,-10.13,103.3,113.5,66.0,-0.014,-2.94,104.0,107.0,2.18,2023
294,Louisville,-10.27,101.4,111.6,66.5,-0.035,6.02,108.7,102.7,1.83,2023
295,Chicago St,-10.28,103.2,113.5,64.4,-0.056,-0.01,105.7,105.8,1.97,2023
296,Denver,-10.43,100.8,111.2,68.6,0.029,-6.46,103.2,109.7,-8.41,2023
297,Coastal Carolina,-10.47,104.3,114.7,68.4,0.019,-1.08,104.6,105.7,-2.55,2023
298,Illinois Chicago,-10.68,98.0,108.7,69.0,0.019,-3.61,102.1,105.7,-10.29,2023
299,Idaho,-10.71,102.8,113.5,65.9,-0.057,-3.41,104.3,107.7,-6.02,2023
300,Jackson St,-10.77,99.3,110.1,68.1,0.084,-4.58,100.7,105.2,9.35,2023
301,High Point,-11.07,100.2,111.3,71.5,0.054,-5.53,103.1,108.7,-4.31,2023
302,Texas A&M Commerce,-11.1,101.5,112.6,65.4,0.026,-6.53,102.6,109.1,1.66,2023
303,Charleston Southern,-11.25,105.4,116.7,65.9,-0.08,-4.06,103.1,107.2,0.51,2023
304,Alabama A&M,-11.28,96.7,108.0,68.3,-0.011,-8.3,99.4,107.7,1.99,2023
305,Bucknell,-11.42,99.0,110.4,66.8,-0.061,-7.96,99.9,107.9,-7.75,2023
306,Manhattan,-11.51,97.5,109.1,67.1,0.047,-5.73,101.6,107.4,-6.63,2023
307,Saint Peters,-11.66,96.9,108.6,63.0,0.055,-6.07,101.3,107.3,-8.39,2023
308,UMKC,-11.7,96.4,108.1,63.8,-0.013,-3.2,105.0,108.2,1.95,2023
309,Northeastern,-11.83,97.9,109.7,66.8,-0.006,-4.13,102.6,106.7,-1.75,2023
310,Binghamton,-11.93,98.7,110.6,66.1,0.028,-5.6,102.9,108.5,-5.14,2023
311,Fairleigh Dickinson ,-12.25,106.2,118.4,68.8,0.017,-14.0,96.3,110.3,-7.11,2023
312,Morgan St,-12.33,94.5,106.8,70.8,0.073,-5.55,101.9,107.5,2.21,2023
313,Tulsa,-12.37,99.0,111.4,68.0,-0.046,3.84,106.7,102.9,-3.28,2023
314,Merrimack,-12.43,89.5,101.9,66.4,0.055,-11.64,99.2,110.8,1.47,2023
315,Nebraska Omaha,-12.53,100.4,113.0,67.9,0.002,-1.08,105.0,106.1,8.29,2023
316,Eastern Michigan,-12.6,101.8,114.4,69.2,-0.011,-1.25,106.3,107.5,-0.51,2023
317,Wagner,-12.9,93.7,106.6,62.1,0.019,-12.95,97.3,110.2,-3.08,2023
318,North Carolina A&T,-13.09,98.3,111.4,70.0,0.054,-4.06,102.4,106.4,5.15,2023
319,William & Mary,-13.25,99.8,113.0,65.2,0.031,-4.58,102.9,107.5,0.56,2023
320,Arkansas Pine Bluff,-13.28,94.7,107.9,69.6,-0.07,-4.68,100.3,104.9,14.23,2023
321,Little Rock,-13.37,102.2,115.6,71.0,-0.025,-7.18,101.5,108.6,-0.19,2023
322,Western Michigan,-13.59,102.8,116.4,65.7,-0.055,-1.9,104.7,106.6,0.58,2023
323,Austin Peay,-13.89,97.1,111.0,64.8,-0.058,-2.1,105.4,107.5,0.81,2023
324,The Citadel,-13.96,98.2,112.1,67.2,0.0,-3.29,104.2,107.5,-3.48,2023
325,Cal St Northridge,-13.98,95.8,109.7,65.3,-0.002,-1.4,103.5,104.9,-2.75,2023
326,Loyola MD,-14.12,98.8,113.0,66.1,0.032,-6.74,101.3,108.1,-4.58,2023
327,Stny Brook,-14.47,96.1,110.6,64.2,0.022,-3.93,102.5,106.4,1.34,2023
328,New Orleans,-14.84,98.1,112.9,71.4,-0.01,-8.31,102.5,110.8,1.77,2023
329,Sacred Heart,-14.9,96.4,111.3,69.7,0.027,-13.65,96.5,110.2,-7.82,2023
330,NJIT,-14.92,97.2,112.1,66.3,-0.061,-5.56,103.0,108.6,-5.3,2023
331,Central Arkansas,-15.22,98.6,113.9,72.3,0.059,-2.51,104.9,107.4,-1.38,2023
332,Central Michigan,-15.3,93.0,108.3,67.2,0.036,-2.75,105.5,108.2,-1.68,2023
333,McNeese St,-15.38,99.0,114.3,66.3,0.016,-6.07,103.0,109.1,6.57,2023
334,Stnehill,-15.46,94.7,110.1,66.3,0.072,-10.41,98.9,109.3,-0.69,2023
335,Incarnate Word,-15.87,96.6,112.5,67.0,0.012,-8.36,101.7,110.0,-2.28,2023
336,Elon,-15.98,96.8,112.8,66.0,-0.024,-4.55,102.2,106.8,-1.83,2023
337,Coppin St,-16.04,99.2,115.2,71.5,0.067,-2.21,103.2,105.4,3.96,2023
338,Lindenwood,-16.66,95.7,112.4,66.9,0.004,-6.61,102.2,108.8,2.34,2023
339,Columbia,-16.85,94.5,111.3,69.5,0.013,-2.23,103.5,105.8,-6.91,2023
340,Holy Cross,-16.88,94.2,111.0,69.1,0.005,-7.29,100.6,107.9,-6.38,2023
341,St Francis PA,-16.92,99.7,116.6,68.4,-0.009,-11.91,98.0,110.0,-0.92,2023
342,Central Connecticut,-16.93,97.1,114.1,64.4,-0.059,-11.45,97.7,109.1,-4.49,2023
343,Eastern Illinois,-17.07,94.1,111.2,68.0,0.005,-7.97,101.9,109.9,-3.24,2023
344,South Carolina St,-17.07,98.6,115.7,71.7,-0.045,-2.33,103.9,106.3,4.11,2023
345,Presbyterian,-17.21,93.8,111.0,64.7,-0.104,-4.87,103.5,108.4,-4.09,2023
346,Albany,-17.35,98.8,116.1,67.3,-0.027,-3.74,103.2,106.9,0.14,2023
347,Bethune Cookman,-17.37,97.1,114.4,69.0,0.038,-7.62,100.4,108.0,-0.81,2023
348,Alabama St,-17.56,93.3,110.8,66.0,0.005,-5.05,101.2,106.2,7.94,2023
349,Monmouth,-17.73,92.7,110.4,68.4,-0.016,-2.03,104.0,106.1,5.43,2023
350,Hampton,-18.19,97.5,115.7,69.0,0.007,-4.63,102.6,107.2,-1.52,2023
351,Evansville,-18.36,91.6,109.9,69.6,-0.004,-1.06,104.5,105.6,-1.06,2023
352,Houston Christian,-18.82,102.1,120.9,70.7,-0.02,-7.92,102.3,110.2,-0.01,2023
353,VMI,-19.71,98.4,118.1,66.7,0.005,-2.51,104.6,107.1,-2.51,2023
354,Mississippi Valley St,-19.79,92.7,112.5,67.2,-0.026,-3.44,102.1,105.5,9.11,2023
355,Lamar,-20.27,95.0,115.2,65.8,0.004,-7.74,102.2,110.0,-1.5,2023
356,Delaware St,-20.36,92.2,112.5,67.9,0.012,-4.77,101.9,106.6,0.87,2023
357,Florida A&M,-20.42,89.7,110.2,65.1,0.005,-4.14,101.8,105.9,13.06,2023
358,St Francis NY,-21.03,90.2,111.3,66.1,0.082,-14.2,97.6,111.7,-9.29,2023
359,IUPUI,-21.84,95.9,117.7,67.1,-0.076,-5.31,102.9,108.2,-6.55,2023
360,Green Bay,-26.3,90.6,116.9,65.2,0.029,-2.34,104.6,107.0,2.07,2023
361,Hartford,-29.75,89.4,119.2,65.5,-0.039,-9.55,99.9,109.5,-9.44,2023
362,LIU,-30.61,86.5,117.2,72.6,-0.024,-8.98,99.6,108.6,5.77,2023
